<?xml version="1.0" encoding="UTF-8"?>
<beans xmlns="http://www.springframework.org/schema/beans"
	xmlns:xsi="http://www.w3.org/2001/XMLSchema-instance"
	xmlns:context="http://www.springframework.org/schema/context"
	xsi:schemaLocation="http://www.springframework.org/schema/beans http://www.springframework.org/schema/beans/spring-beans.xsd
http://www.springframework.org/schema/context http://www.springframework.org/schema/context/spring-context-4.3.xsd">

	<context:component-scan base-package="com.ggul.zip" />
	<!-- <bean id="dataSource" class="org.apache.commons.dbcp.BasicDataSource" 
		destroy-method="close"> -->
	<!-- <property name="driverClassName" value="org.mariadb.jdbc.Driver"/> -->
	<!-- <property name="url" value="jdbc:mariadb://Localhost:3306/samp" /> -->
	<!-- <property name="username" value="root"/> -->
	<!-- <property name="password" value="1111"/> -->
	<!-- </bean> -->

	<!-- properties 파일 읽어오기 -->
	<context:property-placeholder
		location="classpath:config/database.properties" />
	<!-- 키값을 이용해 값 불러오기 -->
	<bean id="dataSource"
		class="org.apache.commons.dbcp.BasicDataSource" destroy-method="close">
		<property name="driverClassName" value="${jdbc.driver}" />
		<property name="url" value="${jdbc.url}" />
		<property name="username" value="${jdbc.username}" />
		<property name="password" value="${jdbc.password}" />
	</bean>

	<!-- Spring JDBC설정 -->
	<bean id="jdbcTemplate"
		class="org.springframework.jdbc.core.JdbcTemplate">
		<property name="dataSource" ref="dataSource" />
	</bean>


	<bean id="sqlsession"
		class="org.mybatis.spring.SqlSessionFactoryBean">
		<property name="dataSource" ref="dataSource"></property>
		<property name="configLocation"
			value="classpath:sql-map-config.xml"></property>
	</bean>
	<bean class="org.mybatis.spring.SqlSessionTemplate">
		<constructor-arg ref="sqlsession"></constructor-arg>
	</bean>
	
	
<!-- 	About Login -->
	<bean id="mailSender"
		class="org.springframework.mail.javamail.JavaMailSenderImpl">
		<property name="host" value="smtp.gmail.com"></property>
		<property name="port" value="587"></property>
		<property name="username" value="ggul.tiper@gmail.com"></property>
		<property name="password" value="xkiaziyylwoenbqo"></property>
		<property name="defaultEncoding" value="utf-8"/>
		<property name="javaMailProperties">
			<props>
				<prop key="mail.smtp.auth">true</prop>
				<prop key="mail.smtp.starttls.enable">true</prop>
				<prop key="mail.smtps.checkserveridentity">true</prop>
				<prop key="mail.debug">true</prop>
				<prop key="mail.smtp.ssl.protocols">TLSv1.2</prop>
			</props>
		</property>
	</bean>
	
	
	
	
	
	

</beans>