<?xml version="1.0" encoding="UTF-8" ?>
<!DOCTYPE mapper PUBLIC "-//mybatis.org//DTD Mapper 3.0//EN"
  "http://mybatis.org/dtd/mybatis-3-mapper.dtd">

<mapper namespace="FaqDAO">

	<resultMap type="faq" id="faqMap">
		<id property="faq_question_num" column="faq_question_num" />
		<result property="faq_question" column="faq_question"/>
		<result property="faq_answer" column="faq_answer"/>
	</resultMap>
	
	<select id="getFaqList" resultType="faq">
		select * from faq where 1=1 
		order by faq_question_num
	</select>
	
	<select id="getFaq" resultType="faq">
		select * from faq where faq_question_num=#{faq_question_num}
	</select>
	
	
	<insert id="insertFaq">
		insert into faq values(
		default,
		#{faq_question},
		#{faq_answer}
		)
	</insert>
	
	
	<delete id="deleteFaq">
		delete from faq where faq_question_num = #{faq_question_num}
	</delete>
	
	
	<update id="updateFaq">
		update faq set faq_question = #{faq_question}, faq_answer = #{faq_answer} where faq_question_num = #{faq_question_num}
	</update>
	
	
</mapper>
