<?xml version="1.0" encoding="UTF-8" ?>
<!DOCTYPE mapper PUBLIC "-//mybatis.org//DTD Mapper 3.0//EN"
  "http://mybatis.org/dtd/mybatis-3-mapper.dtd">


<mapper namespace="lessonDAO">

	<resultMap type="lesson" id="lessonMap">
		<id property="lesson_num" column="LESSON_NUM" />
		<result property="lesson_tiper_code" column="LESSON_TIPER_CODE" />
		<result property="lesson_user_id" column="LESSON_USER_ID" />
		<result property="lesson_title" column="LESSON_TITLE" />
		<result property="lesson_info" column="LESSON_INFO" />
		<result property="lesson_cate" column="LESSON_CATE" />
		<result property="lesson_img" column="LESSON_IMG" />
		<result property="lesson_onoff" column="LESSON_ONOFF" />
		<result property="lesson_date" column="LESSON_DATE" />
		<result property="tiper_user_id" column="TIPER_USER_ID" />
		<result property="tiper_info" column="TIPER_INFO" />
		<result property="review_sugar" column="REVIEW_SUGAR" />
	</resultMap>


	<select id="getLesson" resultMap="lessonMap">
		SELECT * FROM lesson
		WHERE
		lesson_num=#{lesson_num}
	</select>


	<select id="getLessonList" resultType="lesson">
		SELECT l.lesson_title,
		l.lesson_date, l.lesson_info, t.tiper_user_id, t.tiper_info
		FROM lesson
		l inner join tiper t on l.lesson_tiper_code = t.tiper_code
		ORDER BY
		l.lesson_date DESC
	</select>


	<select id="getLessonListPostSearch" resultType="lesson">
		<!-- 동적 쿼리문 -->
		SELECT l.lesson_title,
		l.lesson_date, l.lesson_info, t.tiper_user_id,
		t.tiper_info
		FROM lesson l inner join tiper t on l.lesson_tiper_code =
		t.tiper_code
		<if test="lesson_condition == 'lesson_title' ">AND LESSON_TITLE LIKE CONCAT('%', #{lesson_search}, '%')
		</if>
		<if test="lesson_condition == 'tiper_user_id' ">AND TIPER_USER_ID LIKE CONCAT('%', #{lesson_search}, '%')
		</if>
	</select>


	<!-- 상현이부분 -->
	<select id="selectLessonTiper" resultType="lesson">
		select
		lesson.LESSON_DATE, lesson.LESSON_TITLE, escrow.ESCROW_USER_ID as
		lesson_info, escrow.ESCROW_PRICE AS lesson_onoff
		FROM escrow, lesson
		WHERE #{lesson_tiper_code} =
		escrow.ESCROW_tiper_code AND
		lesson.LESSON_NUM =
		escrow.ESCROW_LESSON_NUM;
	</select>

	<select id="selectLessonNum" resultType="lesson">
		select * from lesson
		where lesson_num = #{lesson_num}
	</select>

	<select id="selectLessonName" resultType="lesson">
		select * from lesson
		where lesson_tiper_code = #{lesson_tiper_code}
	</select>

	<update id="lessonUpdate">
		update lesson set lesson_title = #{lesson_title},
		lesson_info =
		#{lesson_info}, lesson_img = #{lesson_img} where
		lesson_num = #{lesson_num}
	</update>

	<insert id="makeLesson">
		insert into lesson(lesson_tiper_code, lesson_title,
		lesson_info,
		lesson_cate, lesson_img, lesson_user_name)
		values(#{lesson_tiper_code},
		#{lesson_title}, #{lesson_info},
		#{lesson_cate}, #{lesson_img}, #{lesson_user_name})
	</insert>


	<!-- 정성현 : 마이페이지======================================== -->
	<select id="getUserLessonList" resultType="lesson">
		select
		lesson.LESSON_TITLE, lesson.LESSON_USER_NAME, lesson.LESSON_CATE,
		escrow.ESCROW_LESSON_NUM, escrow.ESCROW_START,lesson.LESSON_IMG,
		lesson.LESSON_NUM, lesson.LESSON_USER_NAME
		from lesson, escrow
		where
		(select
		user_id from users WHERE user_id =#{lesson_info}) =
		escrow.ESCROW_USER_ID
		AND (SELECT escrow_lesson_num WHERE
		escrow_user_id = #{lesson_info}) =
		lesson.LESSON_NUM AND
		escrow.ESCROW_STATUS = 1
	</select>

	<select id="getCompletedLessonList" resultType="lesson">
		select
		lesson.LESSON_TITLE, lesson.LESSON_USER_NAME, lesson.LESSON_CATE,
		escrow.ESCROW_LESSON_NUM, escrow.ESCROW_START, escrow.ESCROW_USER_ID,
		lesson.LESSON_IMG, lesson.LESSON_NUM, lesson.LESSON_USER_NAME
		from
		lesson, escrow
		where (select
		user_id from users WHERE user_id
		=#{lesson_info}) =
		escrow.ESCROW_USER_ID
		AND (SELECT escrow_lesson_num
		WHERE
		escrow_user_id = #{lesson_info}) =
		lesson.LESSON_NUM AND
		escrow.ESCROW_STATUS = 2
	</select>
</mapper>
